t,nis,accepted
0.002000,0.249373,1
0.002000,2.892568,1
0.002000,9.422753,0
0.200000,0.780190,1
0.200000,2.374352,1
0.200000,10.333013,0
0.400000,0.318387,1
0.400000,0.483754,1
0.400000,12.501671,0
0.600000,0.819646,1
0.600000,0.976859,1
0.600000,13.711895,0
0.800000,0.617392,1
0.800000,0.510425,1
0.800000,8.385900,1
1.000000,1.088521,1
1.000000,2.183005,1
1.000000,5.114282,1
1.200000,0.752365,1
1.200000,2.474650,1
1.200000,9.808484,0
1.400000,0.214917,1
1.400000,2.237111,1
1.400000,5.922130,1
1.600000,1.314821,1
1.600000,2.902250,1
1.600000,15.661579,0
1.800000,0.290593,1
1.800000,1.120140,1
1.800000,13.311549,0
2.000000,0.230093,1
2.000000,0.982836,1
2.000000,18.534288,0
2.200000,0.586767,1
2.200000,0.803226,1
2.200000,19.690578,0
2.400000,1.905032,1
2.400000,3.293659,1
2.400000,18.960610,0
2.600000,0.719014,1
2.600000,1.529396,1
2.600000,28.167921,0
2.800000,0.463639,1
2.800000,0.472655,1
2.800000,20.832377,0
3.000000,0.317859,1
3.000000,0.431780,1
3.000000,15.798107,0
3.200000,0.808347,1
3.200000,0.631975,1
3.200000,28.587666,0
3.400000,0.856862,1
3.400000,0.479788,1
3.400000,6.212272,1
3.400000,20.837966,0
3.600000,0.837041,1
3.600000,0.159771,1
3.600000,3.555782,1
3.600000,13.623673,0
3.800000,1.063897,1
3.800000,0.814211,1
3.800000,5.869550,1
3.800000,13.829066,0
4.000000,1.635423,1
4.000000,0.009799,1
4.000000,4.592833,1
4.000000,12.448309,0
4.200000,0.644490,1
4.200000,0.646177,1
4.200000,12.406409,0
4.200000,4.352382,1
4.400000,0.211361,1
4.400000,0.608466,1
4.400000,14.274572,0
4.400000,1.906333,1
4.600000,0.164578,1
4.600000,1.125951,1
4.600000,13.259147,0
4.600000,4.043483,1
4.800000,0.154603,1
4.800000,0.994898,1
4.800000,11.511216,0
4.800000,6.136797,1
5.000000,0.122074,1
5.000000,1.453506,1
5.000000,14.398166,0
5.000000,2.709802,1
5.200000,0.051224,1
5.200000,0.424800,1
5.200000,10.881547,0
5.200000,2.867378,1
5.400000,0.600542,1
5.400000,1.198991,1
5.400000,13.584890,0
5.400000,1.761435,1
5.600000,0.374230,1
5.600000,0.755513,1
5.600000,8.686790,1
5.600000,7.322505,1
5.800000,0.549883,1
5.800000,1.361032,1
5.800000,9.611613,0
5.800000,4.995074,1
6.000000,0.097413,1
6.000000,0.382568,1
6.000000,8.444192,1
6.000000,7.515238,1
6.200000,1.223874,1
6.200000,1.679570,1
6.200000,17.000052,0
6.200000,0.319307,1
6.400000,1.360714,1
6.400000,1.033174,1
6.400000,6.787501,1
6.400000,13.831085,0
6.600000,0.395932,1
6.600000,0.371522,1
6.600000,1.257489,1
6.600000,16.025770,0
6.800000,1.389507,1
6.800000,1.331629,1
6.800000,11.585279,0
6.800000,4.032300,1
7.000000,0.319403,1
7.000000,0.251916,1
7.000000,10.467869,0
7.000000,2.380164,1
7.200000,0.398902,1
7.200000,0.914348,1
7.200000,10.380848,0
7.200000,3.389407,1
7.400000,0.021695,1
7.400000,2.000956,1
7.400000,3.591054,1
7.400000,10.884874,0
7.600000,1.319194,1
7.600000,1.364602,1
7.600000,10.387857,0
7.600000,4.344052,1
7.800000,0.226083,1
7.800000,0.973625,1
7.800000,6.370233,1
7.800000,16.553013,0
8.000000,0.005640,1
8.000000,0.058825,1
8.000000,3.000368,1
8.000000,17.754670,0
8.200000,0.581475,1
8.200000,0.683590,1
8.200000,1.759855,1
8.200000,9.973854,0
8.400000,1.055025,1
8.400000,0.493796,1
8.400000,4.234430,1
8.400000,16.216997,0
8.600000,0.544299,1
8.600000,0.208413,1
8.600000,2.493008,1
8.600000,17.988326,0
8.800000,0.772002,1
8.800000,0.126536,1
8.800000,3.515906,1
8.800000,19.122816,0
9.000000,0.790280,1
9.000000,0.270044,1
9.000000,2.075467,1
9.000000,18.316357,0
9.200000,1.228555,1
9.200000,2.805482,1
9.200000,8.746768,1
9.200000,14.743344,0
9.400000,1.367309,1
9.400000,0.510521,1
9.400000,6.898953,1
9.400000,10.601432,0
9.600000,0.136585,1
9.600000,0.268606,1
9.600000,2.530642,1
9.600000,15.842239,0
9.800000,0.212082,1
9.800000,0.697712,1
9.800000,6.672080,1
9.800000,17.348085,0
10.000000,1.440673,1
10.000000,3.289202,1
10.000000,27.678459,0
10.200000,0.944355,1
10.200000,0.575910,1
10.200000,18.740295,0
10.400000,0.329550,1
10.400000,0.877579,1
10.400000,12.853298,0
10.600000,0.481751,1
10.600000,0.424585,1
10.600000,17.530934,0
10.800000,0.371490,1
10.800000,0.484958,1
10.800000,15.179034,0
11.000000,0.150889,1
11.000000,1.871112,1
11.000000,22.564624,0
11.200000,0.888815,1
11.200000,1.956520,1
11.200000,24.429023,0
11.400000,0.719648,1
11.400000,0.861168,1
11.400000,12.820157,0
11.600000,0.406170,1
11.600000,2.398158,1
11.600000,19.915762,0
11.800000,0.744117,1
11.800000,0.639083,1
11.800000,13.419355,0
12.000000,0.130534,1
12.000000,1.940127,1
12.000000,21.368839,0
12.200000,0.961298,1
12.200000,0.806376,1
12.200000,12.639417,0
12.400000,1.422004,1
12.400000,0.782371,1
12.400000,15.674822,0
12.600000,0.763151,1
12.600000,0.105262,1
12.600000,15.320049,0
12.800000,2.810001,1
12.800000,2.096154,1
12.800000,33.061279,0
13.000000,1.127656,1
13.000000,1.259062,1
13.000000,19.501885,0
13.200000,0.336734,1
13.200000,0.741017,1
13.200000,19.335527,0
13.400000,1.377242,1
13.400000,0.514940,1
13.400000,12.847546,0
13.600000,0.466318,1
13.600000,0.401965,1
13.600000,10.079485,0
13.800000,0.464080,1
13.800000,0.594329,1
13.800000,19.468561,0
14.000000,0.424587,1
14.000000,8.297870,1
14.000000,9.536156,0
14.200000,0.089613,1
14.200000,0.201646,1
14.200000,16.746355,0
14.400000,1.176331,1
14.400000,1.122020,1
14.400000,10.298911,0
14.600000,0.777946,1
14.600000,0.665871,1
14.600000,18.585545,0
14.800000,1.097671,1
14.800000,0.599277,1
14.800000,14.079937,0
15.000000,0.737797,1
15.000000,0.037471,1
15.000000,9.563881,0
15.200000,0.612497,1
15.200000,1.039303,1
15.200000,29.551494,0
15.400000,1.351529,1
15.400000,0.935709,1
15.400000,19.635816,0
15.600000,0.909120,1
15.600000,0.120697,1
15.600000,1.232054,1
15.600000,19.288573,0
15.800000,0.668206,1
15.800000,0.393145,1
15.800000,1.178549,1
15.800000,17.350454,0
16.000000,0.509991,1
16.000000,0.630734,1
16.000000,4.987271,1
16.000000,7.427732,1
16.200000,0.911821,1
16.200000,0.942077,1
16.200000,5.873675,1
16.200000,16.314279,0
16.400000,2.446209,1
16.400000,0.047587,1
16.400000,5.024960,1
16.400000,16.493295,0
16.600000,0.628535,1
16.600000,0.809145,1
16.600000,6.401658,1
16.600000,9.561117,0
16.800000,0.320545,1
16.800000,0.050180,1
16.800000,3.017913,1
16.800000,14.091640,0
17.000000,0.934742,1
17.000000,0.370366,1
17.000000,5.818162,1
17.000000,16.066007,0
17.200000,0.411182,1
17.200000,0.121691,1
17.200000,4.737046,1
17.200000,13.586986,0
17.400000,1.189348,1
17.400000,0.084897,1
17.400000,9.448317,0
17.400000,6.592623,1
17.600000,0.665811,1
17.600000,1.295139,1
17.600000,4.285300,1
17.600000,9.297415,0
17.800000,1.083265,1
17.800000,1.078824,1
17.800000,11.954449,0
17.800000,2.818098,1
18.000000,0.632407,1
18.000000,0.293308,1
18.000000,4.683890,1
18.000000,9.348590,0
18.200000,1.179785,1
18.200000,0.020563,1
18.200000,5.768880,1
18.200000,8.190419,1
18.400000,0.533981,1
18.400000,0.022127,1
18.400000,7.800483,1
18.400000,7.871199,1
18.600000,1.660826,1
18.600000,1.702851,1
18.600000,7.105022,1
18.600000,18.014220,0
18.800000,0.189729,1
18.800000,0.868071,1
18.800000,3.878577,1
18.800000,14.350852,0
19.000000,0.652854,1
19.000000,0.065416,1
19.000000,2.963799,1
19.000000,20.731253,0
19.200000,0.253699,1
19.200000,3.660322,1
19.200000,9.370869,0
19.200000,1.660106,1
19.400000,0.122258,1
19.400000,0.662724,1
19.400000,6.442168,1
19.400000,10.224330,0
19.600000,1.575142,1
19.600000,0.359773,1
19.600000,9.884754,0
19.600000,5.762105,1
19.800000,0.036053,1
19.800000,0.251657,1
19.800000,13.080420,0
19.800000,1.737102,1
20.000000,0.530102,1
20.000000,4.192375,1
20.000000,3.398939,1
20.000000,23.105586,0
20.200000,0.393882,1
20.200000,0.326873,1
20.200000,3.976999,1
20.200000,18.519159,0
20.400000,0.075204,1
20.400000,0.049627,1
20.400000,0.649588,1
20.400000,21.927169,0
20.600000,0.381390,1
20.600000,0.198971,1
20.600000,1.244085,1
20.600000,19.378000,0
20.800000,0.475418,1
20.800000,0.207738,1
20.800000,1.121106,1
20.800000,21.893979,0
21.000000,0.064484,1
21.000000,0.136558,1
21.000000,0.607489,1
21.000000,14.528599,0
21.200000,0.311912,1
21.200000,0.095308,1
21.200000,2.555297,1
21.200000,16.883806,0
21.400000,0.374414,1
21.400000,0.377536,1
21.400000,1.509015,1
21.400000,14.680561,0
21.600000,0.402919,1
21.600000,0.070787,1
21.600000,3.623014,1
21.600000,12.633217,0
21.800000,0.398467,1
21.800000,1.766415,1
21.800000,8.879168,1
21.800000,25.185636,0
22.000000,0.681803,1
22.000000,1.377397,1
22.000000,15.974433,0
22.200000,1.475275,1
22.200000,3.116093,1
22.200000,33.533399,0
22.400000,1.355722,1
22.400000,1.143435,1
22.400000,25.667981,0
22.600000,0.401261,1
22.600000,0.828151,1
22.600000,20.415913,0
22.800000,0.528588,1
22.800000,1.564628,1
22.800000,17.734711,0
23.000000,0.010059,1
23.000000,0.425567,1
23.000000,14.375120,0
23.200000,0.497363,1
23.200000,1.322409,1
23.200000,25.834147,0
23.400000,0.125903,1
23.400000,1.487355,1
23.400000,14.864823,0
23.600000,0.125051,1
23.600000,1.061983,1
23.600000,15.947305,0
23.800000,0.427024,1
23.800000,0.584781,1
23.800000,16.294766,0
24.000000,0.245971,1
24.000000,0.853329,1
24.000000,12.404708,0
24.200000,0.336284,1
24.200000,0.923841,1
24.200000,17.542055,0
24.400000,0.505858,1
24.400000,0.472353,1
24.400000,13.095894,0
24.600000,0.124990,1
24.600000,1.279286,1
24.600000,19.044301,0
24.800000,0.601521,1
24.800000,0.551199,1
24.800000,10.352661,0
25.000000,0.602381,1
25.000000,1.171461,1
25.000000,13.708151,0
25.200000,2.904324,1
25.200000,1.810485,1
25.200000,27.812474,0
25.400000,1.278988,1
25.400000,0.599325,1
25.400000,17.870372,0
25.600000,0.319526,1
25.600000,0.712133,1
25.600000,19.124504,0
25.800000,0.787139,1
25.800000,10.224128,0
25.800000,1.252614,1
26.000000,1.351907,1
26.000000,8.111602,1
26.000000,10.366308,0
26.200000,0.131040,1
26.200000,1.302317,1
26.200000,15.020191,0
26.400000,0.622072,1
26.400000,1.092850,1
26.400000,14.440521,0
26.600000,0.568946,1
26.600000,1.674498,1
26.600000,28.694584,0
26.800000,0.504457,1
26.800000,0.697412,1
26.800000,25.441581,0
27.000000,1.732342,1
27.000000,0.040068,1
27.000000,7.749997,1
27.200000,1.249236,1
27.200000,1.200788,1
27.200000,14.409423,0
27.400000,0.593566,1
27.400000,0.258243,1
27.400000,3.368244,1
27.400000,20.643402,0
27.600000,0.633110,1
27.600000,0.415283,1
27.600000,1.615515,1
27.600000,20.832432,0
27.800000,1.069278,1
27.800000,0.132406,1
27.800000,3.585744,1
27.800000,13.717618,0
28.000000,1.464044,1
28.000000,0.062615,1
28.000000,4.427161,1
28.000000,20.861825,0
28.200000,1.807026,1
28.200000,0.341191,1
28.200000,7.891876,1
28.200000,21.121437,0
28.400000,0.452723,1
28.400000,0.930303,1
28.400000,3.509951,1
28.400000,12.937906,0
28.600000,1.100617,1
28.600000,0.345167,1
28.600000,6.550156,1
28.600000,13.843483,0
28.800000,1.135972,1
28.800000,0.143417,1
28.800000,2.590115,1
28.800000,18.084570,0
29.000000,0.491341,1
29.000000,0.872513,1
29.000000,4.621453,1
29.000000,10.264426,0
29.200000,1.114247,1
29.200000,0.024646,1
29.200000,5.692933,1
29.200000,13.694155,0
29.400000,0.124637,1
29.400000,0.090873,1
29.400000,4.439599,1
29.400000,15.549136,0
29.600000,1.015264,1
29.600000,0.580955,1
29.600000,4.565954,1
29.600000,9.204199,0
29.800000,0.424092,1
29.800000,0.079693,1
29.800000,2.512569,1
29.800000,16.782200,0
30.000000,3.129676,1
30.000000,0.268667,1
30.000000,10.053457,0
30.000000,6.613583,1
30.200000,0.621677,1
30.200000,0.133515,1
30.200000,6.931771,1
30.200000,11.498846,0
30.400000,0.915995,1
30.400000,0.055680,1
30.400000,4.511097,1
30.400000,13.436339,0
30.600000,0.146337,1
30.600000,0.201920,1
30.600000,1.521973,1
30.600000,17.532279,0
30.800000,0.805125,1
30.800000,0.166389,1
30.800000,4.635159,1
30.800000,15.679512,0
31.000000,0.700134,1
31.000000,0.011066,1
31.000000,3.028662,1
31.000000,21.648963,0
31.200000,0.151059,1
31.200000,0.011190,1
31.200000,1.098101,1
31.200000,16.278965,0
31.400000,2.163835,1
31.400000,0.038621,1
31.400000,6.994487,1
31.400000,35.881963,0
31.600000,0.962834,1
31.600000,0.927216,1
31.600000,3.358046,1
31.600000,19.238936,0
31.800000,0.556198,1
31.800000,0.276704,1
31.800000,0.949069,1
31.800000,15.775517,0
32.000000,1.575758,1
32.000000,0.221836,1
32.000000,3.130558,1
32.000000,25.151201,0
32.200000,0.570599,1
32.200000,1.206283,1
32.200000,2.667475,1
32.200000,18.612249,0
32.400000,0.028945,1
32.400000,0.190974,1
32.400000,3.094205,1
32.400000,15.414843,0
32.600000,0.685345,1
32.600000,0.879687,1
32.600000,3.482820,1
32.600000,8.954863,1
32.800000,1.238544,1
32.800000,0.136924,1
32.800000,6.243029,1
32.800000,8.617281,1
33.000000,0.293853,1
33.000000,0.741155,1
33.000000,3.207066,1
33.000000,16.730448,0
33.200000,1.055404,1
33.200000,0.590113,1
33.200000,5.036039,1
33.200000,19.010698,0
33.400000,1.422610,1
33.400000,1.021980,1
33.400000,15.918319,0
33.400000,6.235184,1
33.600000,0.035221,1
33.600000,0.165070,1
33.600000,21.755496,0
33.600000,5.232879,1
33.800000,0.931905,1
33.800000,8.788038,1
33.800000,14.374859,0
34.000000,0.515870,1
34.000000,2.186490,1
34.000000,22.852657,0
34.200000,0.464907,1
34.200000,1.830982,1
34.200000,18.471085,0
34.400000,0.514186,1
34.400000,0.958500,1
34.400000,26.362094,0
34.600000,0.556452,1
34.600000,2.381962,1
34.600000,10.741006,0
34.800000,0.168675,1
34.800000,0.570817,1
34.800000,11.090727,0
35.000000,0.012987,1
35.000000,0.734647,1
35.000000,15.733708,0
35.200000,0.322776,1
35.200000,1.414445,1
35.200000,24.426099,0
35.400000,0.094947,1
35.400000,1.543875,1
35.400000,18.101773,0
35.600000,0.360389,1
35.600000,0.739762,1
35.600000,9.680824,0
35.800000,0.920974,1
35.800000,2.457910,1
35.800000,22.655838,0
36.000000,1.274552,1
36.000000,1.231080,1
36.000000,24.429366,0
36.200000,0.130805,1
36.200000,0.616461,1
36.200000,20.465289,0
36.400000,0.358010,1
36.400000,0.936028,1
36.400000,23.334630,0
36.600000,1.427934,1
36.600000,0.571128,1
36.600000,15.809052,0
36.800000,1.138283,1
36.800000,0.766157,1
36.800000,15.060760,0
37.000000,0.037000,1
37.000000,0.473947,1
37.000000,20.784010,0
37.200000,0.647762,1
37.200000,1.181952,1
37.200000,21.943207,0
37.400000,0.316896,1
37.400000,0.601892,1
37.400000,21.646768,0
37.600000,0.053204,1
37.600000,0.321797,1
37.600000,21.012628,0
37.800000,0.533983,1
37.800000,9.021783,0
37.800000,1.159504,1
38.000000,0.231169,1
38.000000,6.845688,1
38.000000,11.495635,0
38.200000,0.298241,1
38.200000,1.669392,1
38.200000,14.676759,0
38.400000,0.439964,1
38.400000,0.246519,1
38.400000,14.185452,0
38.600000,0.345918,1
38.600000,0.613384,1
38.600000,20.289591,0
38.800000,0.402299,1
38.800000,0.156487,1
38.800000,11.824883,0
39.000000,0.197787,1
39.000000,0.550118,1
39.000000,14.373131,0
39.200000,0.429866,1
39.200000,0.412835,1
39.200000,1.085779,1
39.200000,18.789698,0
39.400000,1.137998,1
39.400000,0.137484,1
39.400000,3.376653,1
39.400000,12.180952,0
39.600000,2.110587,1
39.600000,0.018804,1
39.600000,4.834480,1
39.600000,13.555523,0
39.800000,0.847797,1
39.800000,0.160480,1
39.800000,2.041657,1
39.800000,16.442220,0
40.000000,1.620233,1
40.000000,0.049338,1
40.000000,4.793220,1
40.000000,19.651313,0
40.200000,0.901064,1
40.200000,2.304435,1
40.200000,5.717210,1
40.200000,8.876532,1
40.400000,0.924329,1
40.400000,0.007977,1
40.400000,9.332367,0
40.400000,2.117379,1
40.600000,0.139639,1
40.600000,0.122521,1
40.600000,20.827760,0
40.600000,2.362302,1
40.800000,0.585452,1
40.800000,0.922821,1
40.800000,5.610836,1
40.800000,7.176437,1
41.000000,0.348859,1
41.000000,0.437719,1
41.000000,5.537154,1
41.000000,12.652614,0
41.200000,0.209580,1
41.200000,0.044304,1
41.200000,3.881159,1
41.200000,14.446281,0
41.400000,0.956701,1
41.400000,0.403279,1
41.400000,3.510590,1
41.400000,7.240137,1
41.600000,0.318054,1
41.600000,0.253204,1
41.600000,4.478614,1
41.600000,11.045164,0
41.800000,0.981831,1
41.800000,0.083347,1
41.800000,3.118896,1
41.800000,15.156224,0
42.000000,0.397445,1
42.000000,0.342474,1
42.000000,4.333594,1
42.000000,9.349206,0
42.200000,4.194088,1
42.200000,0.685696,1
42.200000,10.622497,0
42.200000,4.271269,1
42.400000,0.621907,1
42.400000,0.560840,1
42.400000,10.398804,0
42.400000,5.377272,1
42.600000,0.052948,1
42.600000,0.339859,1
42.600000,8.363528,1
42.600000,5.490706,1
42.800000,0.000476,1
42.800000,0.709427,1
42.800000,1.892459,1
42.800000,9.235518,0
43.000000,1.572608,1
43.000000,0.428108,1
43.000000,6.029688,1
43.000000,13.492680,0
43.200000,0.516357,1
43.200000,1.517383,1
43.200000,1.844270,1
43.200000,31.245398,0
43.400000,1.199163,1
43.400000,0.290918,1
43.400000,0.887017,1
43.400000,24.752958,0
43.600000,0.129176,1
43.600000,0.197919,1
43.600000,1.369403,1
43.600000,24.647765,0
43.800000,2.078956,1
43.800000,0.147264,1
43.800000,3.987306,1
43.800000,19.870651,0
44.000000,0.209325,1
44.000000,1.617040,1
44.000000,3.061286,1
44.000000,16.644665,0
44.200000,0.164622,1
44.200000,0.003959,1
44.200000,2.207650,1
44.200000,15.685284,0
44.400000,0.464009,1
44.400000,0.038697,1
44.400000,1.676928,1
44.400000,21.415532,0
44.600000,0.987600,1
44.600000,1.282889,1
44.600000,4.235600,1
44.600000,13.756373,0
44.800000,0.323968,1
44.800000,0.176339,1
44.800000,2.944252,1
44.800000,16.536818,0
45.000000,0.959011,1
45.000000,0.025206,1
45.000000,2.621133,1
45.000000,21.799502,0
45.200000,0.824119,1
45.200000,0.550702,1
45.200000,8.533959,1
45.200000,18.186081,0
45.400000,0.970073,1
45.400000,1.111019,1
45.400000,6.491987,1
45.400000,16.945806,0
45.600000,0.273300,1
45.600000,2.881166,1
45.600000,5.529352,1
45.600000,7.071238,1
45.800000,2.720842,1
45.800000,6.204486,1
45.800000,11.813312,0
46.000000,0.160240,1
46.000000,3.396152,1
46.000000,24.434120,0
46.200000,1.290649,1
46.200000,2.301273,1
46.200000,27.376129,0
46.400000,2.177761,1
46.400000,1.231017,1
46.400000,20.600277,0
46.600000,1.755349,1
46.600000,0.931611,1
46.600000,15.625527,0
46.800000,0.783976,1
46.800000,1.133479,1
46.800000,25.530593,0
47.000000,0.393287,1
47.000000,0.955067,1
47.000000,26.428105,0
47.200000,0.220962,1
47.200000,0.878169,1
47.200000,25.530348,0
47.400000,0.550475,1
47.400000,0.137871,1
47.400000,23.949249,0
