t,x,y,yaw
0.050000,0.035497,-0.008647,-0.012037
0.100000,0.038907,-0.008687,-0.011773
0.150000,0.044831,-0.008756,-0.011431
0.205000,0.053337,-0.008851,-0.010804
0.260000,0.057443,-0.007785,-0.010792
0.315000,0.065411,-0.007870,-0.010415
0.365000,0.072561,-0.007944,-0.010261
0.420000,0.080309,-0.008022,-0.009833
0.475000,0.089429,-0.007809,-0.008269
0.530000,0.097183,-0.007872,-0.007887
0.580000,0.104191,-0.007926,-0.007584
0.635000,0.112902,-0.009069,-0.005809
0.685000,0.119977,-0.009108,-0.005193
0.735000,0.127058,-0.009143,-0.004609
0.790000,0.134854,-0.009177,-0.003922
0.840000,0.123619,0.003834,0.002191
0.895000,0.130367,0.003850,0.002988
0.945000,0.136488,0.003871,0.003820
0.995000,0.142604,0.003896,0.004544
1.050000,0.152820,-0.003517,0.003522
1.100000,0.158941,-0.003494,0.004004
1.155000,0.165542,-0.003465,0.004758
1.205000,0.171464,-0.003435,0.005222
1.260000,0.207199,-0.009183,0.002862
1.310000,0.214049,-0.009162,0.003373
1.360000,0.220882,-0.009138,0.003848
1.410000,0.218002,-0.007841,-0.000157
1.465000,0.225192,-0.007840,0.000301
1.515000,0.231710,-0.007837,0.000689
1.570000,0.238866,-0.007831,0.001179
1.620000,0.277056,-0.014411,-0.002787
1.675000,0.285268,-0.014432,-0.002525
1.725000,0.292756,-0.014451,-0.002243
1.780000,0.300966,-0.014469,-0.002309
1.830000,0.302428,-0.006364,-0.003407
1.885000,0.310291,-0.006391,-0.003468
1.935000,0.317365,-0.006415,-0.003373
1.985000,0.324417,-0.006438,-0.003249
2.035000,0.337718,-0.001248,-0.003022
2.090000,0.345658,-0.001272,-0.003012
2.140000,0.352882,-0.001294,-0.002878
2.195000,0.360870,-0.001316,-0.002757
2.245000,0.370053,-0.007899,-0.003190
2.300000,0.378127,-0.007927,-0.003602
2.350000,0.385458,-0.007952,-0.003390
2.405000,0.393510,-0.007979,-0.003323
2.460000,0.410297,-0.025021,-0.006151
2.515000,0.418532,-0.025072,-0.006327
2.570000,0.426751,-0.025124,-0.006258
2.625000,0.433479,-0.018162,-0.006556
2.680000,0.441516,-0.018214,-0.006591
2.735000,0.449496,-0.018267,-0.006665
2.790000,0.457445,-0.018320,-0.006616
2.845000,0.466599,-0.006491,-0.005703
2.900000,0.474602,-0.006535,-0.005377
2.950000,0.481836,-0.006574,-0.005655
3.005000,0.489812,-0.006618,-0.005440
3.055000,0.495205,-0.007456,-0.005615
3.110000,0.503070,-0.007500,-0.005353
3.160000,0.510215,-0.007538,-0.005358
3.215000,0.524064,-0.018972,-0.005639
3.265000,0.531231,-0.019012,-0.005614
3.320000,0.539093,-0.019057,-0.005647
3.370000,0.546191,-0.019095,-0.005347
3.425000,0.553118,-0.010950,-0.003405
3.475000,0.560127,-0.010973,-0.003294
3.530000,0.567860,-0.010999,-0.003195
3.585000,0.575598,-0.011024,-0.003367
3.640000,0.586588,-0.019186,-0.003272
3.695000,0.594376,-0.019210,-0.003083
3.750000,0.602144,-0.019234,-0.003068
3.805000,0.609799,-0.019258,-0.003077
3.860000,0.612695,-0.015883,-0.003232
3.915000,0.620374,-0.015908,-0.002995
3.970000,0.628059,-0.015931,-0.003044
4.025000,0.634934,-0.024323,-0.002350
4.080000,0.642520,-0.024340,-0.002317
4.135000,0.650035,-0.024357,-0.002234
4.190000,0.657594,-0.024374,-0.002209
4.245000,0.631777,-0.021315,-0.001234
4.300000,0.638862,-0.021322,-0.000887
4.355000,0.645952,-0.021328,-0.000844
4.410000,0.661041,-0.018419,-0.000735
4.465000,0.668230,-0.018424,-0.000876
4.520000,0.675436,-0.018430,-0.000711
4.570000,0.681982,-0.018434,-0.000589
4.625000,0.693508,-0.028194,-0.001003
4.680000,0.700814,-0.028201,-0.000863
4.730000,0.707504,-0.028206,-0.000951
4.785000,0.714848,-0.028213,-0.000768
4.840000,0.726921,-0.028558,0.000489
4.895000,0.734160,-0.028555,0.000472
4.945000,0.740697,-0.028552,0.000489
5.000000,0.747926,-0.028549,0.000472
5.055000,0.764185,-0.034025,0.001306
5.105000,0.770910,-0.034016,0.001335
5.160000,0.778301,-0.034006,0.001185
5.215000,0.785695,-0.033996,0.001413
5.270000,0.787862,-0.024494,0.001641
5.320000,0.794444,-0.024483,0.001790
5.375000,0.801622,-0.024470,0.001946
5.430000,0.812955,-0.025064,0.000697
5.480000,0.819471,-0.025060,0.000829
5.535000,0.826552,-0.025054,0.000913
5.590000,0.833600,-0.025047,0.000898
5.645000,0.855404,-0.022774,0.001148
5.695000,0.861988,-0.022766,0.001217
5.750000,0.869271,-0.022757,0.001351
5.805000,0.876555,-0.022747,0.001381
5.855000,0.893715,-0.032717,0.002256
5.910000,0.901051,-0.032698,0.002711
5.965000,0.908424,-0.032677,0.002809
6.020000,0.922399,-0.030129,0.002554
6.070000,0.929137,-0.030110,0.002594
6.125000,0.936497,-0.030091,0.002547
6.180000,0.943738,-0.030072,0.002844
6.230000,0.942463,-0.027091,0.002216
6.285000,0.949472,-0.027075,0.002179
6.340000,0.956431,-0.027061,0.002095
6.395000,0.963378,-0.027045,0.002286
6.445000,1.023831,-0.014730,0.001545
6.500000,1.031340,-0.014719,0.001418
6.555000,1.038859,-0.014707,0.001714
6.605000,1.045666,-0.014695,0.001654
6.660000,1.061833,-0.024765,0.001133
6.715000,1.069292,-0.024756,0.001087
6.770000,1.076727,-0.024748,0.001152
6.820000,1.044480,-0.024801,0.001481
6.875000,1.051360,-0.024791,0.001429
6.930000,1.058253,-0.024780,0.001525
6.980000,1.064522,-0.024770,0.001617
7.035000,1.074201,-0.013234,0.001652
7.090000,1.081150,-0.013223,0.001663
7.145000,1.088182,-0.013211,0.001834
7.195000,1.094670,-0.013199,0.001638
7.250000,1.113871,-0.015516,0.001114
7.305000,1.121143,-0.015508,0.001156
7.355000,1.127742,-0.015500,0.001127
7.410000,1.134956,-0.015491,0.001237
7.465000,1.183674,-0.023167,0.001514
7.520000,1.191190,-0.023155,0.001614
7.570000,1.197991,-0.023144,0.001430
7.625000,1.171599,-0.024874,0.001604
7.680000,1.178788,-0.024862,0.001705
7.730000,1.185329,-0.024850,0.002043
7.785000,1.192474,-0.024835,0.002253
7.840000,1.242409,-0.021299,0.001869
7.895000,1.249824,-0.021285,0.001852
7.945000,1.256519,-0.021272,0.002014
8.000000,1.263882,-0.021258,0.001961
8.050000,1.286752,-0.021290,0.000800
8.105000,1.294308,-0.021284,0.000768
8.160000,1.301844,-0.021279,0.000793
8.210000,1.308680,-0.021274,0.000597
8.265000,1.309041,-0.022320,0.000343
8.320000,1.317756,-0.022316,0.000533
8.375000,1.326430,-0.022312,0.000341
8.425000,1.336702,-0.028276,-0.000543
8.480000,1.345343,-0.028281,-0.000686
8.535000,1.353998,-0.028287,-0.000542
8.585000,1.361893,-0.028291,-0.000693
8.640000,1.377231,-0.014422,-0.000020
8.695000,1.386099,-0.014423,-0.000270
8.750000,1.394953,-0.014425,-0.000228
8.800000,1.402929,-0.014427,-0.000270
8.855000,1.415709,-0.022555,-0.000339
8.910000,1.424523,-0.022558,-0.000271
8.960000,1.432501,-0.022560,-0.000297
9.015000,1.438398,-0.027928,-0.000380
9.070000,1.447172,-0.027932,-0.000322
9.125000,1.455966,-0.027933,-0.000096
9.175000,1.463966,-0.027933,0.000296
9.230000,1.425927,-0.018642,0.000828
9.285000,1.434287,-0.018635,0.000933
9.335000,1.441890,-0.018628,0.000910
9.390000,1.450193,-0.018620,0.000967
9.445000,1.460414,-0.023745,0.001237
9.500000,1.468530,-0.023735,0.001285
9.550000,1.475853,-0.023726,0.001300
9.605000,1.483873,-0.023715,0.001426
9.660000,1.534162,-0.019113,0.000638
9.710000,1.541768,-0.019108,0.000693
9.765000,1.550157,-0.019102,0.000696
9.820000,1.567775,-0.014930,0.000019
9.870000,1.575492,-0.014929,-0.000077
9.925000,1.584066,-0.014930,-0.000137
9.980000,1.592617,-0.014932,-0.000404
10.035000,1.614836,-0.038423,-0.000989
10.085000,1.622579,-0.038430,-0.000817
10.140000,1.630969,-0.038436,-0.000771
10.195000,1.639316,-0.038442,-0.000669
10.250000,1.645756,-0.033425,-0.000543
10.300000,1.653306,-0.033430,-0.000812
10.355000,1.661598,-0.033437,-0.000800
10.410000,1.669938,-0.033444,-0.000880
10.460000,1.682858,-0.029035,-0.001188
10.515000,1.690698,-0.029044,-0.000399
10.570000,1.697912,-0.029035,0.003619
10.625000,1.705353,-0.031957,0.009205
10.675000,1.711972,-0.031881,0.014200
10.730000,1.718756,-0.031768,0.020297
10.785000,1.725162,-0.031613,0.029641
10.835000,1.721693,-0.022517,0.041203
10.890000,1.728429,-0.022192,0.057084
10.945000,1.735335,-0.021738,0.076398
10.995000,1.741768,-0.021187,0.096770
11.050000,1.768110,-0.029394,0.122285
11.105000,1.775667,-0.028365,0.150876
11.160000,1.783152,-0.027128,0.179355
11.210000,1.789591,-0.025882,0.205576
11.265000,1.799939,-0.038577,0.233678
11.320000,1.807711,-0.036610,0.262737
11.375000,1.816279,-0.034186,0.291634
11.425000,1.817844,-0.016117,0.317511
11.480000,1.826036,-0.013305,0.346408
11.535000,1.834183,-0.010244,0.374885
11.585000,1.841543,-0.007249,0.400846
11.640000,1.855071,-0.012910,0.428062
11.695000,1.863027,-0.009156,0.456187
11.750000,1.870915,-0.005157,0.484681
11.800000,1.877992,-0.001325,0.510533
11.855000,1.872023,0.007368,0.538639
11.910000,1.880706,0.012717,0.567062
11.960000,1.888875,0.018052,0.592700
12.015000,1.897543,0.024053,0.620961
12.070000,1.919069,0.026189,0.647472
12.125000,1.928386,0.033412,0.673952
12.175000,1.936634,0.040148,0.698023
12.230000,1.923981,0.054628,0.723383
12.285000,1.932489,0.062313,0.748305
12.335000,1.940038,0.069466,0.771005
12.390000,1.948116,0.077494,0.795742
12.445000,1.953204,0.064765,0.820290
12.500000,1.962020,0.074432,0.844864
12.550000,1.969759,0.083330,0.866957
12.605000,1.977944,0.093176,0.889784
12.660000,1.977898,0.100473,0.912653
12.710000,1.984857,0.109648,0.933153
12.765000,1.992326,0.119953,0.955974
12.820000,1.999318,0.099459,0.978418
12.870000,2.005610,0.109000,0.999114
12.925000,2.012294,0.119623,1.021489
12.980000,2.018523,0.130026,1.043806
13.035000,2.011965,0.140374,1.065406
13.085000,2.016522,0.148768,1.083255
13.140000,2.021392,0.158157,1.103074
13.195000,2.026081,0.167656,1.123289
13.250000,2.018835,0.164639,1.142306
13.300000,2.022715,0.173304,1.158487
13.355000,2.026780,0.182800,1.175887
13.410000,2.030670,0.192350,1.193550
13.460000,2.027307,0.200999,1.210059
13.515000,2.030875,0.210688,1.227353
13.570000,2.034286,0.220468,1.244638
13.625000,2.030649,0.227819,1.260862
13.675000,2.033524,0.236986,1.274552
13.730000,2.036532,0.247087,1.289476
13.785000,2.039361,0.257127,1.304374
13.835000,2.046661,0.252476,1.316717
13.890000,2.049150,0.262330,1.331373
13.945000,2.051509,0.272280,1.345809
13.995000,2.053554,0.281433,1.357038
14.050000,2.036433,0.342770,1.369450
14.105000,2.038494,0.353164,1.381962
14.160000,2.040416,0.363541,1.394538
14.210000,2.042044,0.372954,1.405598
14.265000,2.039786,0.381683,1.418415
14.320000,2.041307,0.391987,1.431093
14.375000,2.042726,0.402442,1.441630
14.425000,2.052364,0.407945,1.450837
14.480000,2.053582,0.418461,1.460923
14.535000,2.054695,0.428987,1.471053
14.585000,2.055609,0.438520,1.480205
14.640000,2.046612,0.440486,1.489153
14.695000,2.047431,0.450999,1.497778
14.750000,2.048154,0.461434,1.505893
14.800000,2.048736,0.470880,1.513564
14.855000,2.060297,0.481537,1.521773
14.910000,2.060768,0.491967,1.530090
14.960000,2.061125,0.501372,1.535852
15.015000,2.053119,0.499305,1.543208
15.070000,2.053373,0.509613,1.549889
15.125000,2.053557,0.519871,1.556446
15.175000,2.053664,0.529106,1.562505
15.230000,2.051926,0.539103,1.568895
15.285000,2.051923,0.549428,1.573721
15.335000,2.051876,0.558791,1.578338
15.390000,2.051776,0.569056,1.583138
15.445000,2.063344,0.578238,1.587948
15.500000,2.063145,0.588502,1.592850
15.550000,2.062920,0.597806,1.597546
15.605000,2.062662,0.606797,1.601707
15.660000,2.068405,0.601097,1.605427
15.710000,2.068145,0.608284,1.608849
15.765000,2.067834,0.616109,1.612552
15.820000,2.073017,0.623771,1.616040
15.870000,2.072690,0.630817,1.618765
15.925000,2.072315,0.638449,1.621206
15.980000,2.071908,0.646348,1.623452
16.030000,2.051294,0.639644,1.627014
16.085000,2.050827,0.647762,1.629513
16.135000,2.050391,0.655067,1.631493
16.190000,2.049899,0.663035,1.633116
16.245000,2.063980,0.689384,1.635381
16.295000,2.063500,0.696731,1.636764
16.350000,2.062965,0.704757,1.638135
16.405000,2.062424,0.712699,1.639521
16.460000,2.069958,0.714027,1.641218
16.510000,2.069455,0.721120,1.642121
16.565000,2.068894,0.728939,1.642679
16.620000,2.063685,0.734478,1.643084
16.670000,2.063172,0.741539,1.643767
16.725000,2.062567,0.749761,1.644538
16.780000,2.061944,0.758170,1.645226
16.835000,2.058156,0.772493,1.645975
16.885000,2.057582,0.780115,1.646092
16.940000,2.056951,0.788487,1.646040
16.995000,2.056323,0.796804,1.646439
17.045000,2.050258,0.806426,1.647176
17.100000,2.049626,0.814672,1.647439
17.155000,2.048997,0.822888,1.646708
17.210000,2.048375,0.831088,1.646464
17.260000,2.048055,0.841865,1.646179
17.315000,2.047440,0.850004,1.646033
17.370000,2.046835,0.858055,1.645466
17.420000,2.053908,0.832367,1.645997
17.475000,2.053308,0.840368,1.645284
17.530000,2.052713,0.848349,1.644819
17.585000,2.052124,0.856326,1.644186
17.635000,2.047119,0.905083,1.643716
17.690000,2.046512,0.913416,1.643212
17.745000,2.045908,0.921765,1.642798
17.795000,2.045359,0.929417,1.642036
17.850000,2.042910,0.901340,1.641663
17.905000,2.042344,0.909349,1.640828
17.960000,2.041784,0.917381,1.639814
18.010000,2.041282,0.924680,1.639231
18.065000,2.028817,0.966362,1.638636
18.120000,2.028259,0.974643,1.637585
18.170000,2.027761,0.982137,1.636729
18.225000,2.034016,0.985588,1.635819
18.280000,2.033484,0.993807,1.634974
18.335000,2.032960,1.002014,1.634066
18.385000,2.032494,1.009416,1.633342
18.440000,2.024670,1.017494,1.632811
18.495000,2.024177,1.025530,1.631447
18.545000,2.023739,1.032801,1.630376
18.600000,2.023264,1.040821,1.629287
18.655000,2.049059,1.071680,1.627702
18.710000,2.048600,1.079784,1.626789
18.760000,2.048197,1.087046,1.625726
18.815000,2.034694,1.094523,1.624049
18.870000,2.034275,1.102463,1.622855
18.920000,2.033903,1.109679,1.621811
18.975000,2.033505,1.117563,1.620461
19.030000,2.045178,1.132083,1.618468
19.085000,2.044808,1.139919,1.617515
19.135000,2.044480,1.147021,1.616206
19.190000,2.044131,1.154806,1.615013
19.245000,2.024708,1.123704,1.613583
19.295000,2.024419,1.130534,1.612580
19.350000,2.024115,1.137917,1.611246
19.405000,2.023824,1.145171,1.610266
19.460000,2.020956,1.190289,1.609352
19.510000,2.020696,1.197074,1.608550
19.565000,2.020420,1.204484,1.607248
19.620000,2.029201,1.179794,1.606309
19.670000,2.028972,1.186324,1.605117
19.725000,2.028714,1.194018,1.603543
19.780000,2.028461,1.201854,1.602476
19.835000,2.028290,1.208998,1.601671
19.885000,2.028074,1.216071,1.600705
19.940000,2.027845,1.223825,1.599736
19.995000,2.027621,1.231647,1.598960
20.045000,2.030056,1.292542,1.598067
20.100000,2.029826,1.301157,1.596916
20.155000,2.029606,1.309741,1.595766
20.210000,2.029397,1.318274,1.594814
20.260000,2.025224,1.329388,1.594168
20.315000,2.025033,1.337716,1.593383
20.370000,2.024849,1.345981,1.592418
20.420000,2.021708,1.362027,1.591652
20.475000,2.021537,1.370335,1.591041
20.530000,2.021372,1.378649,1.590326
20.585000,2.021214,1.386922,1.589420
20.635000,2.019836,1.389913,1.589182
20.690000,2.019688,1.398118,1.588462
20.745000,2.019547,1.406299,1.587637
20.795000,2.019425,1.413702,1.586869
20.850000,2.020774,1.419408,1.585863
20.905000,2.020646,1.428061,1.585291
20.960000,2.020523,1.436753,1.584579
21.010000,2.020416,1.444627,1.583958
21.065000,2.017262,1.450264,1.582982
21.120000,2.017156,1.459103,1.582499
21.170000,2.017062,1.467345,1.582169
21.225000,2.019597,1.481259,1.581120
21.280000,2.019503,1.490328,1.580983
21.335000,2.019411,1.499432,1.580779
21.385000,2.019330,1.507644,1.580397
21.440000,2.015632,1.510127,1.579262
21.495000,2.015557,1.519121,1.579007
21.545000,2.015491,1.527313,1.578577
21.600000,2.015423,1.536312,1.578251
21.655000,2.022097,1.553377,1.576991
21.710000,2.022042,1.562398,1.576554
21.760000,2.021997,1.570663,1.575867
21.815000,2.015917,1.579129,1.575045
21.870000,2.015880,1.588240,1.574473
21.920000,2.015849,1.596511,1.574434
21.975000,2.015819,1.605629,1.573858
22.030000,2.031335,1.622119,1.572954
22.085000,2.031315,1.631294,1.572796
22.135000,2.031300,1.639582,1.572414
22.190000,2.031288,1.648714,1.571657
22.245000,2.051900,1.666464,1.570900
22.295000,2.051900,1.674777,1.570776
22.350000,2.051901,1.683953,1.570533
22.405000,2.051904,1.693133,1.570307
22.460000,2.033795,1.700632,1.571042
22.510000,2.033788,1.708040,1.572846
22.565000,2.033756,1.715952,1.577811
22.620000,2.030198,1.717692,1.585553
22.670000,2.030062,1.724899,1.594960
22.725000,2.029827,1.732887,1.607011
22.780000,2.029475,1.741105,1.622131
22.835000,2.025154,1.738280,1.640295
22.885000,2.024588,1.745563,1.658485
22.940000,2.023789,1.753702,1.681229
22.995000,2.022758,1.762106,1.707511
23.045000,2.022124,1.770552,1.732755
23.100000,2.020644,1.778925,1.761462
23.155000,2.018926,1.787243,1.790062
23.210000,2.016968,1.795520,1.818728
23.260000,2.023429,1.805945,1.844185
23.315000,2.021030,1.814084,1.873307
23.370000,2.018384,1.822184,1.901996
23.420000,2.009256,1.829431,1.927486
23.475000,2.006007,1.837824,1.955490
23.530000,2.002516,1.846138,1.983701
23.585000,1.998673,1.854607,2.012281
23.635000,1.989150,1.857090,2.036924
23.690000,1.984794,1.865478,2.065212
23.745000,1.980116,1.873897,2.092559
23.795000,1.975622,1.881516,2.117252
23.850000,1.976109,1.885273,2.144002
23.905000,1.970795,1.893287,2.171024
23.960000,1.965308,1.901098,2.197795
24.010000,1.960143,1.908065,2.222091
24.065000,1.952850,1.909505,2.248365
24.120000,1.946955,1.916664,2.273298
24.170000,1.941467,1.923014,2.296092
24.225000,1.942666,1.933231,2.321063
24.280000,1.936255,1.939954,2.346138
24.335000,1.929699,1.946493,2.371116
24.385000,1.923655,1.952241,2.393734
24.440000,1.918711,1.949813,2.418265
24.495000,1.911579,1.955980,2.440841
24.545000,1.904963,1.961456,2.461426
24.600000,1.897546,1.967329,2.484078
24.655000,1.896835,1.983467,2.506722
24.710000,1.889116,1.989034,2.529005
24.760000,1.882005,1.993933,2.549628
24.815000,1.861715,1.986964,2.571268
24.870000,1.853726,1.991985,2.591846
24.920000,1.846400,1.996391,2.610081
24.975000,1.838229,2.001093,2.630612
25.030000,1.832973,2.013341,2.651542
25.085000,1.824533,2.017744,2.671964
25.135000,1.816776,2.021601,2.690371
25.190000,1.808146,2.025692,2.708861
25.245000,1.827008,2.033880,2.727335
25.295000,1.819250,2.037224,2.743462
25.350000,1.810656,2.040757,2.761469
25.405000,1.801986,2.044140,2.779220
25.460000,1.785177,2.039456,2.797584
25.510000,1.777168,2.042261,2.812922
25.565000,1.768351,2.045199,2.828316
25.620000,1.769160,2.047223,2.843171
25.670000,1.761150,2.049629,2.857369
25.725000,1.752276,2.052155,2.872578
25.780000,1.743336,2.054553,2.887835
25.835000,1.724990,2.050776,2.903047
25.885000,1.716712,2.052742,2.914941
25.940000,1.707600,2.054785,2.928089
25.995000,1.698532,2.056697,2.940648
26.045000,1.641417,2.055082,2.951239
26.100000,1.632007,2.056837,2.964400
26.155000,1.622475,2.058486,2.976972
26.210000,1.612969,2.060018,2.987659
26.260000,1.598927,2.052263,2.997176
26.315000,1.589446,2.053594,3.008111
26.370000,1.579972,2.054819,3.018617
26.420000,1.576062,2.056648,3.028248
26.475000,1.566624,2.057678,3.038645
26.530000,1.557204,2.058612,3.047282
26.585000,1.547766,2.059466,3.056356
26.635000,1.533463,2.066200,3.063595
26.690000,1.523922,2.066907,3.072540
26.745000,1.514415,2.067527,3.081274
26.795000,1.505737,2.068020,3.089072
26.850000,1.498663,2.065832,3.096391
26.905000,1.489166,2.066233,3.102994
26.960000,1.479622,2.066572,3.109853
27.010000,1.470946,2.066824,3.116108
27.065000,1.492375,2.044134,3.124211
27.120000,1.483117,2.044266,3.130939
27.170000,1.474712,2.044337,3.135945
27.225000,1.452809,2.053523,3.141282
27.280000,1.443515,2.053504,-3.136651
27.335000,1.434195,2.053437,-3.131450
27.385000,1.425726,2.053333,-3.126847
27.440000,1.422209,2.054266,-3.121990
27.495000,1.413081,2.054070,-3.117914
27.545000,1.404830,2.053861,-3.114165
27.600000,1.395719,2.053594,-3.110245
27.655000,1.383730,2.059538,-3.105674
27.710000,1.374635,2.059195,-3.101870
27.760000,1.366243,2.058849,-3.098993
27.815000,1.352147,2.060495,-3.095590
27.870000,1.342856,2.060054,-3.092617
27.920000,1.334424,2.059632,-3.090049
27.975000,1.325151,2.059141,-3.087184
28.030000,1.320818,2.061959,-3.083893
28.085000,1.311475,2.061410,-3.081783
28.135000,1.302988,2.060896,-3.080080
28.190000,1.293609,2.060310,-3.078171
28.245000,1.290331,2.066266,-3.076351
28.295000,1.281826,2.065704,-3.074737
28.350000,1.272454,2.065069,-3.073019
28.405000,1.263028,2.064416,-3.071848
28.460000,1.262862,2.054815,-3.070986
28.510000,1.254239,2.054203,-3.070127
28.565000,1.244708,2.053517,-3.069300
28.620000,1.239413,2.053730,-3.068272
28.670000,1.230671,2.053084,-3.067725
28.725000,1.221002,2.052368,-3.067610
28.780000,1.211351,2.051651,-3.067393
28.835000,1.201689,2.058198,-3.066781
28.885000,1.192936,2.057542,-3.066606
28.940000,1.183350,2.056820,-3.066256
28.995000,1.173840,2.056101,-3.066261
29.045000,1.173766,2.049269,-3.066588
29.100000,1.164316,2.048561,-3.066908
29.155000,1.154855,2.047854,-3.067019
29.210000,1.145426,2.047152,-3.067426
29.260000,1.134885,2.054166,-3.067847
29.315000,1.125513,2.053475,-3.068283
29.370000,1.116261,2.052797,-3.068827
29.420000,1.101514,2.043853,-3.069537
29.475000,1.092300,2.043189,-3.070075
29.530000,1.083021,2.042528,-3.070941
29.585000,1.073703,2.041871,-3.071594
29.635000,1.071769,2.034399,-3.071630
29.690000,1.062548,2.033757,-3.072283
29.745000,1.053260,2.033116,-3.073280
29.795000,1.044855,2.032544,-3.074137
29.850000,1.036753,2.032918,-3.075159
29.905000,1.027563,2.032311,-3.076022
29.960000,1.018383,2.031713,-3.077082
30.010000,1.053081,2.046047,-3.077290
30.065000,1.044155,2.045477,-3.078372
30.120000,1.035251,2.044918,-3.079430
30.170000,1.027150,2.044417,-3.080437
30.225000,0.986744,2.030420,-3.081019
30.280000,0.977488,2.029865,-3.082350
30.335000,0.968181,2.029317,-3.083372
30.385000,0.959738,2.028829,-3.084424
30.440000,0.947137,2.037789,-3.085440
30.495000,0.937821,2.037269,-3.086329
30.545000,0.929378,2.036805,-3.087136
30.600000,0.920111,2.036305,-3.088245
30.655000,0.911956,2.035524,-3.090170
30.710000,0.902724,2.035053,-3.091538
30.760000,0.894301,2.034637,-3.092919
30.815000,0.883817,2.030570,-3.093510
30.870000,0.874582,2.030129,-3.094476
30.920000,0.866155,2.029735,-3.095391
30.975000,0.856858,2.029309,-3.096390
31.030000,0.848167,2.033335,-3.097813
31.085000,0.838889,2.032935,-3.099106
31.135000,0.830402,2.032578,-3.100214
31.190000,0.821062,2.032196,-3.101323
31.245000,0.811376,2.027446,-3.102547
31.295000,0.802930,2.027120,-3.103522
31.350000,0.793622,2.026770,-3.104618
31.405000,0.784312,2.026429,-3.105519
31.460000,0.772362,2.043123,-3.107022
31.510000,0.763943,2.042836,-3.108138
31.565000,0.754667,2.042530,-3.109143
31.620000,0.758555,2.041370,-3.110328
31.670000,0.750241,2.041115,-3.111438
31.725000,0.741114,2.040842,-3.112193
31.780000,0.731996,2.040577,-3.113006
31.835000,0.723771,2.023200,-3.113819
31.885000,0.715578,2.022976,-3.114632
31.940000,0.706549,2.022736,-3.115572
31.995000,0.697493,2.022504,-3.116451
32.045000,0.684658,2.039950,-3.117264
32.100000,0.675595,2.039734,-3.118445
32.155000,0.666557,2.039528,-3.119357
32.210000,0.657581,2.039333,-3.120380
32.265000,0.661533,2.032051,-3.121175
32.320000,0.652675,2.031874,-3.122302
32.375000,0.643782,2.031706,-3.123241
32.430000,0.629236,2.025475,-3.124370
32.485000,0.620410,2.025326,-3.125030
32.540000,0.611602,2.025183,-3.125793
32.590000,0.603601,2.025059,-3.126566
32.645000,0.614225,2.008803,-3.127002
32.700000,0.605595,2.008680,-3.127658
32.755000,0.597006,2.008561,-3.128194
32.810000,0.588427,2.008448,-3.128745
32.865000,0.577616,2.016452,-3.129007
32.920000,0.569067,2.016347,-3.129469
32.975000,0.560568,2.016247,-3.130090
33.030000,0.533016,2.027738,-3.131359
33.085000,0.524444,2.027652,-3.131995
33.140000,0.515837,2.027572,-3.132693
33.195000,0.507188,2.027497,-3.133242
33.250000,0.499352,2.027222,-3.134188
33.305000,0.490583,2.027160,-3.134927
33.360000,0.481753,2.027105,-3.135703
33.415000,0.514503,2.030077,-3.135971
33.465000,0.506786,2.030035,-3.136363
33.520000,0.498291,2.029992,-3.136843
33.575000,0.489814,2.029953,-3.137185
33.630000,0.487740,2.028328,-3.136630
33.685000,0.479269,2.028288,-3.136958
33.740000,0.470751,2.028249,-3.137193
33.795000,0.462226,2.028213,-3.137606
33.850000,0.396325,2.022956,-3.137640
33.905000,0.387423,2.022922,-3.137918
33.960000,0.378506,2.022892,-3.138605
34.015000,0.357547,2.033560,-3.139141
34.070000,0.348563,2.033539,-3.139443
34.125000,0.339526,2.033520,-3.139675
34.180000,0.330513,2.033504,-3.139918
34.235000,0.318459,2.041305,-3.140655
34.290000,0.309567,2.041299,-3.141138
34.340000,0.302260,2.041291,-3.139398
34.395000,0.294287,2.041260,-3.134994
34.450000,0.285668,2.042463,-3.128037
34.505000,0.277754,2.042323,-3.118443
34.560000,0.270060,2.042104,-3.106199
34.615000,0.262209,2.041774,-3.091303
34.670000,0.269741,2.021541,-3.075109
34.725000,0.261776,2.020941,-3.055044
34.780000,0.253661,2.020152,-3.031873
34.835000,0.247639,2.018509,-3.006614
34.890000,0.239276,2.017268,-2.979043
34.945000,0.230987,2.015800,-2.951061
35.000000,0.222756,2.014102,-2.922711
35.055000,0.208051,2.009760,-2.894739
35.110000,0.199839,2.007579,-2.866456
35.165000,0.191709,2.005170,-2.837886
35.215000,0.174331,2.010345,-2.811892
35.270000,0.166301,2.007483,-2.783829
35.325000,0.158346,2.004392,-2.755702
35.380000,0.150555,2.001113,-2.727955
35.435000,0.157432,1.995965,-2.701202
35.490000,0.149896,1.992295,-2.673295
35.545000,0.142476,1.988424,-2.645494
35.600000,0.135237,1.984388,-2.618328
35.655000,0.127446,1.967892,-2.592221
35.710000,0.120434,1.963483,-2.565643
35.765000,0.113554,1.958898,-2.539168
35.820000,0.094482,1.972072,-2.513138
35.875000,0.087908,1.967171,-2.486051
35.930000,0.081385,1.962027,-2.459920
35.985000,0.074935,1.956669,-2.434858
36.040000,0.070355,1.958104,-2.409769
36.090000,0.064827,1.953036,-2.387044
36.145000,0.058893,1.947330,-2.362164
36.200000,0.053081,1.941456,-2.337370
36.255000,0.047147,1.928558,-2.312965
36.310000,0.041628,1.922409,-2.289700
36.365000,0.036292,1.916182,-2.266963
36.420000,0.021942,1.910774,-2.243701
36.475000,0.016804,1.904189,-2.220970
36.530000,0.011811,1.897480,-2.198267
36.585000,0.006952,1.890634,-2.175568
36.640000,0.006892,1.872528,-2.152654
36.695000,0.002278,1.865369,-2.132288
36.750000,-0.002164,1.858161,-2.112069
36.805000,-0.006453,1.850875,-2.091422
36.860000,-0.005745,1.850133,-2.071200
36.915000,-0.009683,1.842772,-2.050860
36.965000,-0.013111,1.836052,-2.032405
37.020000,-0.016820,1.828429,-2.013349
37.075000,-0.024773,1.822313,-1.996029
37.130000,-0.028183,1.814615,-1.978064
37.185000,-0.031443,1.806882,-1.959911
37.240000,-0.038594,1.805170,-1.942425
37.295000,-0.041590,1.797293,-1.924642
37.350000,-0.044476,1.789277,-1.906885
37.405000,-0.047237,1.781194,-1.891680
37.460000,-0.052701,1.763319,-1.876131
37.515000,-0.055230,1.755097,-1.860549
37.570000,-0.057639,1.746803,-1.845093
37.625000,-0.060661,1.739535,-1.830330
37.680000,-0.062856,1.731029,-1.815351
37.735000,-0.064941,1.722449,-1.802053
37.790000,-0.066912,1.713845,-1.788915
37.840000,-0.064533,1.702842,-1.776680
37.895000,-0.066276,1.694243,-1.763588
37.950000,-0.067903,1.685642,-1.750908
38.005000,-0.069427,1.676983,-1.738154
38.060000,-0.044606,1.619747,-1.727060
38.115000,-0.045973,1.610781,-1.716213
38.170000,-0.047250,1.601759,-1.705489
38.225000,-0.049024,1.578307,-1.695182
38.280000,-0.050119,1.569185,-1.684531
38.335000,-0.051116,1.560065,-1.673921
38.390000,-0.052012,1.551046,-1.665061
38.445000,-0.045452,1.553814,-1.656142
38.500000,-0.046180,1.544892,-1.647308
38.555000,-0.046826,1.535998,-1.638507
38.610000,-0.047394,1.527075,-1.629337
38.665000,-0.052589,1.520179,-1.621476
38.715000,-0.052982,1.511974,-1.615354
38.770000,-0.053356,1.502961,-1.608549
38.825000,-0.059296,1.491590,-1.601590
38.880000,-0.059549,1.482452,-1.594821
38.935000,-0.059742,1.473273,-1.588149
38.990000,-0.059874,1.464109,-1.582113
39.045000,-0.049647,1.452303,-1.576583
39.100000,-0.049678,1.443238,-1.571286
39.155000,-0.049661,1.434218,-1.566092
39.210000,-0.049597,1.425280,-1.560536
39.265000,-0.051902,1.418302,-1.554351
39.320000,-0.051734,1.409231,-1.550093
39.375000,-0.051531,1.400133,-1.546362
39.430000,-0.055582,1.397523,-1.541887
39.485000,-0.055301,1.388384,-1.537936
39.540000,-0.054986,1.379283,-1.534002
39.590000,-0.054669,1.370984,-1.530892
39.645000,-0.067274,1.366925,-1.527925
39.700000,-0.066869,1.357782,-1.524945
39.755000,-0.066443,1.348705,-1.522633
39.810000,-0.065996,1.339691,-1.519661
39.865000,-0.060376,1.324035,-1.515995
39.920000,-0.059864,1.314880,-1.513984
39.975000,-0.059333,1.305673,-1.512286
40.030000,-0.071378,1.299312,-1.510618
40.085000,-0.070818,1.290156,-1.508798
40.140000,-0.070238,1.280930,-1.507052
40.195000,-0.069640,1.271667,-1.505306
40.250000,-0.049355,1.291891,-1.503886
40.305000,-0.048751,1.282961,-1.502756
40.360000,-0.048143,1.274085,-1.502015
40.415000,-0.056774,1.285629,-1.500289
40.465000,-0.056213,1.277718,-1.499771
40.520000,-0.055591,1.269025,-1.499160
40.575000,-0.054966,1.260333,-1.498698
40.630000,-0.052115,1.257472,-1.497649
40.685000,-0.051478,1.248792,-1.497397
40.740000,-0.050844,1.240188,-1.496904
40.795000,-0.050206,1.231579,-1.496657
40.850000,-0.037378,1.195865,-1.495961
40.905000,-0.036706,1.186909,-1.496169
40.960000,-0.036037,1.177964,-1.496138
41.015000,-0.045738,1.151435,-1.496264
41.070000,-0.045060,1.142363,-1.496429
41.125000,-0.044385,1.133289,-1.496683
41.180000,-0.043720,1.124299,-1.497351
41.235000,-0.044747,1.108712,-1.498081
41.290000,-0.044093,1.099698,-1.498737
41.340000,-0.043504,1.091522,-1.498981
41.395000,-0.042861,1.082542,-1.499756
41.450000,-0.033350,1.092303,-1.499620
41.505000,-0.032728,1.083554,-1.500194
41.560000,-0.032113,1.074814,-1.500769
41.615000,-0.037452,1.054618,-1.501844
41.670000,-0.036841,1.045723,-1.502700
41.725000,-0.036238,1.036846,-1.503408
41.780000,-0.035646,1.027990,-1.504599
41.835000,-0.040109,1.016788,-1.505548
41.890000,-0.039533,1.007906,-1.506682
41.945000,-0.038964,0.998983,-1.507567
42.000000,-0.038401,0.990028,-1.508503
42.055000,-0.031057,0.980044,-1.509265
42.110000,-0.030508,0.971044,-1.510299
42.165000,-0.029969,0.962086,-1.511424
42.215000,-0.048529,0.996524,-1.512123
42.270000,-0.048030,0.987931,-1.513531
42.325000,-0.047545,0.979382,-1.514767
42.380000,-0.047069,0.970816,-1.515756
42.435000,-0.031895,0.965061,-1.517155
42.490000,-0.031446,0.956636,-1.518360
42.545000,-0.031009,0.948255,-1.519253
42.600000,-0.030582,0.939904,-1.520193
42.655000,-0.020920,0.908460,-1.520968
42.710000,-0.020498,0.899883,-1.522314
42.765000,-0.020088,0.891317,-1.523650
42.820000,-0.025705,0.861577,-1.524896
42.875000,-0.025311,0.852860,-1.526111
42.930000,-0.024926,0.844168,-1.527370
42.985000,-0.024554,0.835465,-1.528762
43.040000,-0.030325,0.831597,-1.529829
43.090000,-0.030006,0.823743,-1.530593
43.145000,-0.029663,0.815127,-1.531440
43.200000,-0.029327,0.806480,-1.532585
43.255000,-0.030866,0.773996,-1.533628
43.310000,-0.030543,0.765211,-1.534679
43.365000,-0.030225,0.756313,-1.535385
43.420000,-0.034131,0.762142,-1.536479
43.475000,-0.033833,0.753282,-1.537701
43.530000,-0.033545,0.744456,-1.538564
43.585000,-0.033263,0.735557,-1.539642
43.640000,-0.027156,0.725882,-1.540930
43.695000,-0.026893,0.716937,-1.542061
43.750000,-0.026642,0.708052,-1.543103
43.805000,-0.026402,0.699234,-1.544175
43.860000,-0.042251,0.692664,-1.545286
43.915000,-0.042032,0.683886,-1.546535
43.965000,-0.041840,0.675906,-1.547198
44.020000,-0.029621,0.676918,-1.548114
44.075000,-0.029426,0.668209,-1.549034
44.130000,-0.029242,0.659563,-1.550142
44.185000,-0.029068,0.650874,-1.551309
44.240000,-0.032425,0.635656,-1.552653
44.295000,-0.032270,0.627002,-1.553204
44.350000,-0.032121,0.618319,-1.554181
44.405000,-0.031979,0.609633,-1.554800
44.460000,-0.031721,0.597305,-1.555287
44.515000,-0.031591,0.588534,-1.556427
44.570000,-0.031469,0.579713,-1.557434
44.625000,-0.031265,0.581294,-1.558971
44.680000,-0.031164,0.572513,-1.559689
44.735000,-0.031070,0.563759,-1.560422
44.790000,-0.030980,0.554926,-1.560987
44.840000,-0.022529,0.533842,-1.560996
44.895000,-0.022444,0.524908,-1.561860
44.950000,-0.022368,0.516033,-1.562621
45.005000,-0.022297,0.507208,-1.562979
45.060000,-0.026621,0.500074,-1.563611
45.115000,-0.026558,0.491120,-1.564113
45.170000,-0.026501,0.482122,-1.564725
45.225000,-0.014126,0.468355,-1.564422
45.280000,-0.014071,0.459350,-1.564861
45.335000,-0.014018,0.450388,-1.565101
45.390000,-0.013971,0.441491,-1.565786
45.445000,-0.012510,0.438899,-1.565903
45.500000,-0.012467,0.430037,-1.565994
45.555000,-0.012424,0.421218,-1.566103
45.610000,-0.012384,0.412380,-1.566532
45.665000,0.004517,0.426029,-1.566102
45.715000,0.004553,0.418142,-1.566431
45.770000,0.004587,0.409453,-1.567199
45.825000,-0.031451,0.375762,-1.567944
45.880000,-0.031426,0.366896,-1.568106
45.935000,-0.031403,0.358022,-1.568278
45.990000,-0.031381,0.349115,-1.568521
46.045000,-0.041352,0.320771,-1.569542
46.100000,-0.041342,0.311584,-1.569805
46.155000,-0.041335,0.302337,-1.570301
46.210000,-0.041331,0.293096,-1.570582
46.265000,-0.046019,0.286586,-1.571088
46.320000,-0.046022,0.277412,-1.571177
46.375000,-0.046027,0.268236,-1.571664
46.430000,-0.023024,0.260371,-1.571659
46.485000,-0.023033,0.251170,-1.571787
46.540000,-0.023044,0.241919,-1.572125
46.590000,-0.023056,0.233522,-1.572395
46.645000,-0.031404,0.231607,-1.572774
46.700000,-0.031423,0.222375,-1.573162
46.755000,-0.031446,0.213085,-1.573315
46.810000,-0.031470,0.203823,-1.573418
46.865000,-0.037030,0.189930,-1.573247
46.920000,-0.037054,0.180535,-1.573432
46.975000,-0.037079,0.171118,-1.573665
47.030000,-0.035812,0.159299,-1.573854
47.085000,-0.035843,0.149892,-1.574273
47.140000,-0.035876,0.140460,-1.574457
47.195000,-0.035911,0.131013,-1.574593
47.250000,-0.036929,0.125598,-1.575268
47.305000,-0.036972,0.116235,-1.575520
47.360000,-0.037017,0.106908,-1.575788
47.415000,-0.024576,0.104282,-1.575907
47.465000,-0.024620,0.095844,-1.576262
47.520000,-0.024671,0.086518,-1.576419
